case	illuc/0.125

cop	ubi/0.21428571428571427 ita/0.1111111111111111

